Model,Accuracy,F1_Score,Inference_Time_s
Base Polarity Model,0.6702702702702703,0.6533818619160502,0.0053403377532958984
Ensemble Polarity Model,0.6810810810810811,0.5708302213220245,0.010561704635620117
