Model,Accuracy,F1_Weighted,F1_Macro,ROC_AUC,Inference_Time_s
Base (TF-IDF + LR),0.6702702702702703,0.6533818619160502,0.5129186268823441,0.7305600942534405,0.004562854766845703
+ Ensemble,0.6810810810810811,0.5708302213220245,0.32916991933385376,0.741785970378063,0.009535074234008789
