Model,Accuracy,F1_Weighted,F1_Macro,ROC_AUC,Inference_Time_s
Base (TF-IDF + LR),0.6702702702702703,0.6533818619160502,0.5129186268823441,0.7305600942534405,0.0045969486236572266
+ Undersample,0.6270270270270271,0.6386610237862451,0.5200691457964416,0.7418688809720632,0.004513740539550781
