Model,Accuracy,F1_Weighted,F1_Macro,ROC_AUC,Inference_Time_s
Base (TF-IDF + LR),0.6702702702702703,0.6533818619160502,0.5129186268823441,0.7305600942534405,0.0045969486236572266
+ Lexicon,0.6756756756756757,0.6405074639857248,0.48674181427804614,0.7048703625367078,0.006755828857421875
