Model,Accuracy,F1_Weighted,F1_Macro,ROC_AUC,Inference_Time_s
Base (TF-IDF + LR),0.6702702702702703,0.6533818619160502,0.5129186268823441,0.7305600942534405,0.0045969486236572266
Full Hybrid,0.4864864864864865,0.5157352576091094,0.45322514798938557,0.7418688809720632,0.004970073699951172
