Model,Accuracy,F1_Score,Inference_Time_s
Base Polarity Model,0.6702702702702703,0.6533818619160502,0.0053403377532958984
Hybrid Lexicon Polarity Model,0.6756756756756757,0.6405074639857248,0.006574153900146484
