Model,Accuracy,F1_Score,Inference_Time_s
Base Polarity Model,0.6702702702702703,0.6533818619160502,0.0053403377532958984
Base Polarity Model with SMOTE,0.6702702702702703,0.6291398056103938,0.0044231414794921875
