Model,Accuracy,F1_Weighted,F1_Macro,ROC_AUC,Inference_Time_s
Base (TF-IDF + LR),0.6702702702702703,0.6533818619160502,0.5129186268823441,0.7305600942534405,0.004562854766845703
+ Calibration,0.5891891891891892,0.6113665613665613,0.4973845598845599,0.7305600942534405,0.004868745803833008
